DATA,VALOR,DESCRIÇÃO,CATEGORIA AUTOMAÇÃO,CATEGORIA SUGERIDA,ARCHIVE
2023-01-31,483,Autoonze,Carro,Carro,nubank-2023-03
2023-08-18,"466,38",Bh Car Viaduto,Carro,Carro,nubank-2023-09
2023-08-31,"466,37",Bh Car Viaduto 2/3,Carro,Carro,nubank-2023-10
2023-09-30,"466,37",Bh Car Viaduto 3/3,Carro,Carro,nubank-2023-11
2024-01-19,"273,35",Mp *Autoonze,Carro,Carro,nubank-2024-02
2024-01-31,"273,33",Mp *Autoonze 2/6,Carro,Carro,nubank-2024-03
2024-02-29,"273,33",Mp *Autoonze 3/6,Carro,Carro,nubank-2024-04
2024-03-31,"273,33",Mp *Autoonze 4/6,Carro,Carro,nubank-2024-05
2024-04-30,"273,33",Mp *Autoonze 5/6,Carro,Carro,nubank-2024-06
2024-05-31,"273,33",Mp *Autoonze 6/6,Carro,Carro,nubank-2024-07
2024-05-28,"266,23",Auto Posto Thabor,Combustível,Combustível,nubank-2024-06
2024-05-09,255,Still Escapamentos,Carro,Carro,nubank-2024-06
2024-02-11,"254,81",Supermercado Super Lun,Supermercado,Supermercado,nubank-2024-03
2022-11-20,"231,68",Danilus Bar,Bar/Bebidas,Bar/Bebidas,nubank-2022-12
2024-04-26,230,Pg *Ton Tec Word,Papelaria,Papelaria,nubank-2024-05
2024-05-03,"208,78",Auto Posto Atencioso L,Combustível,Combustível,nubank-2024-06
2022-03-14,200,Jus*Auto Escola Lider 2/2,Carro,Carro,nubank-2022-04
2022-03-04,200,Jus*Auto Escola Lider,Carro,Carro,nubank-2022-04
2022-11-03,"194,7",Supermercados Bh,Supermercado,Supermercado,nubank-2022-12
2023-02-25,193,Autoonze,Carro,Carro,nubank-2023-03
2023-02-28,193,Autoonze 2/2,Carro,Carro,nubank-2023-04
2022-12-14,180,Squadra Rodas,Carro,Carro,nubank-2023-01
2022-12-14,180,Joao Paulo Costa,Transporte,Transporte,nubank-2023-01
2024-04-30,"178,47",Posto Carmenia S.A,Combustível,Combustível,nubank-2024-06
2024-06-14,"177,8",Km Auto Center Bauru,Carro,Carro,nubank-2024-07
2024-02-04,"166,7",Picco Restaurante,Restaurante,Ifood/Restaurante,nubank-2024-03
2024-05-08,"157,94",Posto Presidente Jk,Combustível,Combustível,nubank-2024-06
2022-01-27,"154,85",Pg *Buser,Transporte,Transporte,nubank-2022-02
2024-04-14,"134,2",Cervejaria Paje,Restaurante,Ifood/Restaurante,nubank-2024-05
2024-05-02,"130,15",Pag*Postoportaldo,Combustível,Combustível,nubank-2024-06
2024-05-15,"128,9",Mp *Buser,Transporte,Transporte,nubank-2024-06
2023-08-26,"128,47",Posto Quick,Combustível,Combustível,nubank-2023-09
2024-03-30,120,Ingrid Franca Evangel,Restaurante,Ifood/Restaurante,nubank-2024-04
2024-06-07,120,Pg *Ton A C Pereira,Outros,Papelaria,nubank-2024-07
2024-04-07,"116,59",Dionisio Carnes,Supermercado,Supermercado,nubank-2024-05
2024-05-07,"110,61",Posto Presidente Jk,Combustível,Combustível,nubank-2024-06
2024-01-14,"109,55",Posto Jupiter,Combustível,Combustível,nubank-2024-02
2022-12-11,"107,18",Supermercado Super Lun,Supermercado,Supermercado,nubank-2023-01
2023-06-04,107,Leo Gas,Gas,Gas,nubank-2023-07
2023-10-06,105,Leo Gas,Gas,Gas,nubank-2023-11
2022-06-17,"104,9",Uber *Uber *Trip,Transporte,Transporte,nubank-2022-07
2023-12-09,"104,48",Villefort,Supermercado,Supermercado,nubank-2024-01
2023-05-06,100,Abastec*Abastece Ai,Transporte,Transporte,nubank-2023-06
2024-02-14,100,Leo Gas,Gas,Gas,nubank-2024-03
2023-09-25,90,Comercial Marcal,Supermercado,Supermercado,nubank-2023-10
2022-04-06,87,Simone Santana de Alca,serviços,Outros,nubank-2022-05
2022-11-27,"85,99",Ifoodcom Agnc,Ifood/Restaurante,Ifood/Restaurante,nubank-2022-12
2022-12-30,84,Posto Cruzeiro do Sul,Combustível,Combustível,nubank-2023-01
2022-05-14,"82,29",Pag*Tonolucro,Ifood/Restaurante,Ifood/Restaurante,nubank-2022-06
2022-04-13,82,Estacao Hookah,Cigarro,Cigarro,nubank-2022-05
2023-04-17,82,Pag*Recantodasfrutas,Supermercado,Supermercado,nubank-2023-05
2024-03-25,"81,8",Bk Brasil Operacao Ass,Ifood/Restaurante,Ifood/Restaurante,nubank-2024-04
2022-03-31,"80,02",Hugo Boss,vestuário,Vestuário,nubank-2022-05
2022-06-20,"79,99",Drogarias Pacheco,Saúde,Saúde,nubank-2022-07
2024-01-22,"77,9",Ifd*Carla Melo do Carm,Restaurante,Ifood/Restaurante,nubank-2024-02
2023-12-23,"77,37",Joselito Emporio e Bot,Restaurante,Ifood/Restaurante,nubank-2024-01
2024-01-15,"77,22",Bar do Sabao,Bar/Bebidas,Bar/Bebidas,nubank-2024-02
2024-03-25,75,Pag*Spotpasssolucoes,serviços,Bar/Bebidas,nubank-2024-04
2023-01-30,74,Pag*Xuxubebidas,Bar/Bebidas,Bar/Bebidas,nubank-2023-02
2023-01-13,"73,64",Mercadolivre*Bailedaa,Lazer,Lazer,nubank-2023-02
2023-01-31,"73,64",Mercadolivre*Bailedaa 2/2,Lazer,Lazer,nubank-2023-03
2022-10-02,"72,36",Bar do Sabao 2 Ltda,Bar/Bebidas,Bar/Bebidas,nubank-2022-11
2023-01-29,"72,3",Mc Donalds Ctg,Restaurante,Ifood/Restaurante,nubank-2023-02
2024-06-09,"70,24",Bar do Sabao Sinuca,Bar/Bebidas,Bar/Bebidas,nubank-2024-07
2023-05-01,70,Posto Cruzeiro do Sul,Combustível,Combustível,nubank-2023-06
2023-09-06,70,Zeut,Vestuario,Vestuario,nubank-2023-10
2023-05-21,"69,9",Villefort Jardim Indus,Supermercado,Supermercado,nubank-2023-06
2024-06-07,69,Grupo Yes Churrascaria,Ifood/Restaurante,Ifood/Restaurante,nubank-2024-07
2022-05-09,"68,44",Saca Rolha Bar&Rest.,Bar/Bebidas,Bar/Bebidas,nubank-2022-06
2023-04-09,"67,63",Supermerc S Luna,Supermercado,Supermercado,nubank-2023-05
2023-06-18,"67,5",Ana Maraisa da Silva P,Casa,Casa,nubank-2023-07
2022-11-27,"66,29",Assai Atacadista,Casa,Supermercado,nubank-2022-12
2022-12-02,"65,2",Fonte do Churrasco,Restaurante,Ifood/Restaurante,nubank-2023-01
2022-01-02,"65,06",Padaria Remmar,Padaria,Padaria,nubank-2022-02
2023-12-03,"64,95",Fulldarin,Ifood/Restaurante,Ifood/Restaurante,nubank-2024-01
2022-06-15,"64,49",Pag*Tonolucro,Ifood/Restaurante,Ifood/Restaurante,nubank-2022-07
2022-09-08,64,Pag*Doracivieira,Restaurante,Ifood/Restaurante,nubank-2022-10
2024-04-06,"63,9",Bk Brasil Operacao Ass,Ifood/Restaurante,Ifood/Restaurante,nubank-2024-05
2022-11-26,63,Arm. Familia Alves,Supermercado,Supermercado,nubank-2022-12
2023-04-14,63,Manos Beer,Bar/Bebidas,Bar/Bebidas,nubank-2023-05
2023-09-24,"62,8",Pag*Fabiolakelede,vestuário,Ifood/Restaurante,nubank-2023-10
2024-04-08,62,Posto Carmenia S.A,Combustível,Combustível,nubank-2024-05
2024-04-22,"60,5",Pag*Xuxubebidas,Bar/Bebidas,Bar/Bebidas,nubank-2024-05
2023-03-01,60,Posto Cruzeiro do Sul,Combustível,Combustível,nubank-2023-04
2023-07-23,60,Posto Cruzeiro do Sul,Combustível,Combustível,nubank-2023-08
2024-02-17,60,Helton Apolinario de S,eletrônicos,Papelaria,nubank-2024-03
2024-04-17,60,39911756 Maria Del Car,Restaurante,Ifood/Restaurante,nubank-2024-05
2023-03-05,"58,75",Maria Selma Real,vestuário,Outros,nubank-2023-04
2022-06-04,57,Mp *Casasanduiche,Restaurante,Ifood/Restaurante,nubank-2022-07
2024-02-05,56,Pag*Xuxubebidas,Bar/Bebidas,Bar/Bebidas,nubank-2024-03
2024-05-03,"55,8",Minuto Pa,Supermercado,Supermercado,nubank-2024-06
2022-11-23,"53,99",Pag*Steam,Assinaturas,Assinaturas,nubank-2022-12
2024-03-17,"53,23",Vila Aymore,Transporte,Combustível,nubank-2024-04
2023-11-07,"52,92",Posto Cruzeiro do Sul,Combustível,Combustível,nubank-2023-12
2023-11-12,"52,8",Pag*Paulusbar,Bar/Bebidas,Bar/Bebidas,nubank-2023-12
2023-06-07,"52,46",Lucas Gabriel Alves da Silva,Cigarro,Cigarro,nubank-2023-07
2024-02-09,52,Tech Press,serviços,Papelaria,nubank-2024-03
2024-06-09,52,Old School,Restaurante,Bar/Bebidas,nubank-2024-07
2023-06-26,"51,3",Bar do Sabao,Bar/Bebidas,Bar/Bebidas,nubank-2023-07
2022-11-24,"50,4",Geraldo Ferreira de M,Ifood/Restaurante,Ifood/Restaurante,nubank-2022-12
2024-03-31,"50,04",Belmonte Copacabana,Restaurante,Ifood/Restaurante,nubank-2024-05
2023-01-15,50,Posto Formula,Combustível,Combustível,nubank-2023-02
2023-02-11,50,Posto Cruzeiro do Sul,Combustível,Combustível,nubank-2023-03
2023-03-23,50,Posto Tereza Cristina,Combustível,Combustível,nubank-2023-04
2023-03-16,50,Posto Cruzeiro do Sul,Combustível,Combustível,nubank-2023-04
2023-03-03,50,Posto Tereza Cristina,Combustível,Combustível,nubank-2023-04
2023-04-26,50,Posto Leste Oeste,Combustível,Combustível,nubank-2023-05
2023-04-17,50,Posto Cruzeiro do Sul,Combustível,Combustível,nubank-2023-05
2023-05-11,50,Mp *Hotdogbruttus,Outros,Ifood/Restaurante,nubank-2023-06
2023-07-11,50,Posto Cruzeiro do Sul,Combustível,Combustível,nubank-2023-08
2023-08-18,50,Posto Oceano Ltda,Combustível,Combustível,nubank-2023-09
2023-08-11,50,Posto Cruzeiro do Sul,Combustível,Combustível,nubank-2023-09
2023-09-23,50,Expressa Combustiveis,Combustível,Combustível,nubank-2023-10
2023-09-16,50,Posto Quick,Combustível,Combustível,nubank-2023-10
2023-09-01,50,Posto Cruzeiro do Sul,Combustível,Combustível,nubank-2023-10
2023-10-02,50,Vila Aymore,Transporte,Combustível,nubank-2023-11
2023-11-20,50,Posto Cruzeiro do Sul,Combustível,Combustível,nubank-2023-12
2023-12-02,50,Posto de Combustiveis,Combustível,Combustível,nubank-2024-01
2024-02-22,50,Expressa Combustiveis,Combustível,Combustível,nubank-2024-03
2024-02-08,50,Posto Cruzeiro do Sul,Combustível,Combustível,nubank-2024-03
2024-02-07,50,Posto Cruzeiro do Sul,Combustível,Combustível,nubank-2024-03
2024-02-04,50,Posto Cruzeiro do Sul,Combustível,Combustível,nubank-2024-03
2024-02-01,50,Posto Cruzeiro do Sul,Combustível,Combustível,nubank-2024-03
2024-03-26,50,Auto Posto Arrudao,Combustível,Combustível,nubank-2024-04
2024-03-20,50,Posto Tereza Cristina,Combustível,Combustível,nubank-2024-04
2024-04-25,50,As Negocios Empreendim,Transporte,Combustível,nubank-2024-05
2024-04-15,50,Posto Carmenia S.A,Combustível,Combustível,nubank-2024-05
2024-04-14,50,Auto Posto Arrudao,Combustível,Combustível,nubank-2024-05
2024-05-20,50,Vila Aymore,Transporte,Transporte,nubank-2024-06
2024-05-10,50,Gastro Bar Amigos Sao,Bar/Bebidas,Bar/Bebidas,nubank-2024-06
2024-06-03,50,Metro,Transporte,Combustível,nubank-2024-07
2024-06-03,49,Lanchonete Breik Breik,Ifood/Restaurante,Ifood/Restaurante,nubank-2024-07
2022-12-11,"48,57",Adiqplu*Ze Solucoes Te,Supermercado,Supermercado,nubank-2023-01
2024-05-28,"46,18",Rodo Stop,Restaurante,Ifood/Restaurante,nubank-2024-06
2023-11-13,"45,98",TELEFONICA BRASIL S A ,VIVO,VIVO,nubank-2023-12
2023-12-16,"45,66",TELEFONICA BRASIL S A ,VIVO,VIVO,nubank-2024-01
2023-10-30,"45,5",61710 Preparacao de do,Restaurante,Ifood/Restaurante,nubank-2023-11
2024-04-15,"45,5",Cabelos Beer,Bar/Bebidas,Bar/Bebidas,nubank-2024-05
2023-02-13,"45,48",Supermercado Super Lun,Supermercado,Supermercado,nubank-2023-03
2023-09-03,"45,48",Rei do Gado,Supermercado,Supermercado,nubank-2023-10
2023-11-02,45,Frogpay*B7 Plus,Lazer,Lazer,nubank-2023-12
2024-06-02,45,Pag*Spotpasssolucoes,serviços,Bar/Bebidas,nubank-2024-07
2022-12-12,"44,99",Ifood *Ifood,Ifood/Restaurante,Ifood/Restaurante,nubank-2023-01
2024-02-11,"44,97",Uber *Uber *Trip,Transporte,Transporte,nubank-2024-03
2022-07-26,"44,85",Microsoft*Xbox,Assinaturas,Assinaturas,nubank-2022-08
2023-12-08,44,Pizzaria Quatro Sabore,Ifood/Restaurante,Ifood/Restaurante,nubank-2024-01
2024-03-23,43,Pag*Pointbeerbetania,Bar/Bebidas,Bar/Bebidas,nubank-2024-04
2024-03-19,43,Conta Vivo,VIVO,VIVO,nubank-2024-04
2024-04-17,43,Conta Vivo,VIVO,VIVO,nubank-2024-05
2023-05-21,"42,5",Pag*Claudiobare,Bar/Bebidas,Bar/Bebidas,nubank-2023-06
2023-06-24,42,Manos Beer,Bar/Bebidas,Bar/Bebidas,nubank-2023-07
2024-04-20,42,Gege Hot Dog,Ifood/Restaurante,Ifood/Restaurante,nubank-2024-05
2024-06-08,42,Bar do Sabao,Bar/Bebidas,Bar/Bebidas,nubank-2024-07
2022-01-01,"41,9",Lv Praia Alimentos,Restaurante,Ifood/Restaurante,nubank-2022-02
2023-02-08,41,Pag*Miracigeraldocass,Supermercado,Supermercado,nubank-2023-03
2023-02-05,41,Esquina Mais Charmosa,Restaurante,Ifood/Restaurante,nubank-2023-03
2024-04-20,"40,9",Raia3338,saúde,Saúde,nubank-2024-05
2024-05-10,"40,8",Zucchine Restaurante,Restaurante,Ifood/Restaurante,nubank-2024-06
2022-12-26,40,Alfa Auto Posto,Combustível,Combustível,nubank-2023-01
2023-02-24,40,Auto Posto Arrudao,Combustível,Combustível,nubank-2023-03
2023-02-08,40,Posto Cruzeiro do Sul,Combustível,Combustível,nubank-2023-03
2023-03-09,40,Auto Posto Arrudao,Combustível,Combustível,nubank-2023-04
2023-03-06,40,Posto Cruzeiro do Sul,Combustível,Combustível,nubank-2023-04
2023-04-26,40,Pag*Sinalautopecas,Carro,Carro,nubank-2023-05
2023-05-14,40,Pag*Mepayfinancial,Casa,Outros,nubank-2023-06
2023-05-12,40,Abastec*Abastece Ai,Transporte,Transporte,nubank-2023-06
2023-08-11,40,Bentos Barbearia,Bar/Bebidas,Barbearia,nubank-2023-09
2023-10-23,40,Posto Cruzeiro do Sul,Combustível,Combustível,nubank-2023-11
2023-11-11,40,Posto Cruzeiro do Sul,Combustível,Combustível,nubank-2023-12
2023-12-15,40,Posto Cruzeiro do Sul,Combustível,Combustível,nubank-2024-01
2024-04-17,40,Bruno Celulares,serviços,Compras/Catira,nubank-2024-05
2024-04-10,40,Posto Carmenia S.A,Combustível,Combustível,nubank-2024-05
2024-04-07,40,Posto Carmenia S.A,Combustível,Combustível,nubank-2024-05
2023-04-03,"39,46",Supermercado Super Lun,Supermercado,Supermercado,nubank-2023-05
2023-01-09,"39,36",Bar do Sabao,Bar/Bebidas,Bar/Bebidas,nubank-2023-02
2024-04-21,"39,24",Rondon Distribuidora D,Bar/Bebidas,Bar/Bebidas,nubank-2024-05
2022-11-23,39,Arm. Familia Alves,Supermercado,Supermercado,nubank-2022-12
2024-03-13,39,Mp *Claudioburgue,Ifood/Restaurante,Ifood/Restaurante,nubank-2024-04
2024-05-18,"37,9",Bk Shop Metro Sta Cruz,Restaurante,Ifood/Restaurante,nubank-2024-06
2024-06-28,"37,73",Foco Empreendimentos Ltda,Cobrar,Outros,nubank-2024-07
2022-11-27,"37,2",Padaria Pao Divino,Padaria,Padaria,nubank-2022-12
2024-03-18,"37,1",Sorvettero,Restaurante,Ifood/Restaurante,nubank-2024-04
2022-01-02,37,C F de Cabofrio,Restaurante,Ifood/Restaurante,nubank-2022-02
2022-09-17,37,Elite do Lelis,Restaurante,Ifood/Restaurante,nubank-2022-10
2023-08-13,37,Comercial Marcal,Supermercado,Supermercado,nubank-2023-09
2024-05-03,"36,97",Regalle Restaurante,Restaurante,Ifood/Restaurante,nubank-2024-06
2024-04-08,"36,45",Pag*Pointbeerbetania,Bar/Bebidas,Bar/Bebidas,nubank-2024-05
2023-01-26,"36,28",Drogarias Pacheco,Saúde,Saúde,nubank-2023-02
2022-10-13,36,Pag*Daniellamenezesde,Restaurante,Ifood/Restaurante,nubank-2022-11
2022-11-27,36,Drinks Alvorada,Supermercado,Supermercado,nubank-2022-12
2022-12-30,"35,88",Ice Bier Ii,Supermercado,Bar/Bebidas,nubank-2023-01
2023-02-19,"35,78",Leacy Tayla Barbosa Cravo,Cobrar,Dívida,nubank-2023-03
2024-03-17,"35,5",Sabor do Gil e Cia,Supermercado,Ifood/Restaurante,nubank-2024-04
2024-04-10,"35,2",Piratas Bar,Bar/Bebidas,Bar/Bebidas,nubank-2024-05
2023-01-15,35,Pag*Spotsalestecnolog,serviços,Bar/Bebidas,nubank-2023-02
2023-01-06,35,Pizzaria 4 Sabores,Ifood/Restaurante,Ifood/Restaurante,nubank-2023-02
2023-01-04,35,Pizzaria 4 Sabores,Ifood/Restaurante,Ifood/Restaurante,nubank-2023-02
2023-05-19,35,Ponto do Riacho,Casa,Compras/Catira,nubank-2023-06
2024-01-14,35,Igreja Evangelica Ver,Barbearia,Barbearia,nubank-2024-02
2024-02-07,35,Igreja Evangelica Ver,Barbearia,Barbearia,nubank-2024-03
2024-03-14,35,Igreja Evangelica Ver,Barbearia,Barbearia,nubank-2024-04
2024-04-29,35,Informa Mark*Agrishow,Lazer,Lazer,nubank-2024-05
2024-04-29,35,Informa Mark*Agrishow,Lazer,Lazer,nubank-2024-05
2024-04-25,35,Igreja Evangelica Ver,Barbearia,Barbearia,nubank-2024-05
2024-04-07,35,Igreja Evangelica Ver,Barbearia,Barbearia,nubank-2024-05
2024-05-19,35,Igreja Evangelica Ver,Barbearia,Barbearia,nubank-2024-06
2024-06-08,35,Igreja Evangelica Ver,Barbearia,Barbearia,nubank-2024-07
2022-01-28,"34,99",Microsoft*Xbox,Assinaturas,Assinaturas,nubank-2022-02
2024-04-07,"34,99",Pag*Pointbeerbetania,Bar/Bebidas,Bar/Bebidas,nubank-2024-05
2022-04-03,"34,95",Uber *Uber *Trip,Transporte,Transporte,nubank-2022-05
2022-12-22,"34,94",Uber *Uber *Trip,Transporte,Transporte,nubank-2023-01
2024-01-23,"34,94",Uber *Uber *Trip,Transporte,Transporte,nubank-2024-02
2024-05-25,"34,93",Ifd*C.F.C. Burger Hamb,Restaurante,Ifood/Restaurante,nubank-2024-06
2024-06-03,"34,91",Uber *Uber *Trip,Transporte,Transporte,nubank-2024-07
2022-04-03,"34,9",Dm *Canva,Assinaturas,Assinaturas,nubank-2022-05
2022-09-24,"34,5",Geraldo Ferreira de M,Ifood/Restaurante,Ifood/Restaurante,nubank-2022-10
2023-12-07,"34,02",Saldo em rotativo,Outras Taxas,Taxas/Imposto,nubank-2024-01
2024-01-06,34,Apolo,Restaurante,Ifood/Restaurante,nubank-2024-02
2022-01-30,"33,95",Panificadora Palmeiras,Padaria,Padaria,nubank-2022-02
2024-06-11,"33,95",Acf Raja,serviços,Taxas/Imposto,nubank-2024-07
2023-12-03,"33,8",Mc Donalds Lj Ipz,Restaurante,Ifood/Restaurante,nubank-2024-01
2023-10-02,"33,32",Posto Norte Sul,Combustível,Combustível,nubank-2023-11
2022-05-14,33,Imperial Distribuidora,Bar/Bebidas,Bar/Bebidas,nubank-2022-06
2022-09-11,"32,91",Trinkando,Supermercado,Supermercado,nubank-2022-10
2023-12-08,"32,78",Leonardo Almeida Ambrosio,Cobrar,Lazer,nubank-2024-01
2022-12-16,"32,6",Uber *Uber *Trip,Transporte,Transporte,nubank-2023-01
2024-05-11,"32,52",Self Landia,Restaurante,Ifood/Restaurante,nubank-2024-06
2024-05-19,"32,5",Pag*Xuxubebidas,Bar/Bebidas,Bar/Bebidas,nubank-2024-06
2023-01-20,"32,4",Mc Donalds Ctg,Restaurante,Ifood/Restaurante,nubank-2023-02
2022-10-02,32,Pag*Leniciadasilvafer,Restaurante,Ifood/Restaurante,nubank-2022-11
2023-09-23,32,Cantina Claudio Burgue,Ifood/Restaurante,Ifood/Restaurante,nubank-2023-10
2024-05-26,"31,95",Rogerio Mercadinho,Supermercado,Supermercado,nubank-2024-06
2022-12-13,"31,76",Ponto do Riacho,Casa,Compras/Catira,nubank-2023-01
2023-10-07,"31,66",Eduardo De Freitas Silva,Cobrar,Bar/Bebidas,nubank-2023-11
2022-09-24,"31,39",Pag*Surubimnoespeto,Restaurante,Ifood/Restaurante,nubank-2022-10
2023-03-08,31,Posto Cruzeiro do Sul,Combustível,Combustível,nubank-2023-04
2023-06-16,31,Nicolas Nogueira Pedrosa,Cobrar,Bar/Bebidas,nubank-2023-07
2024-05-27,31,Extrafarma Oratorio,saúde,Saúde,nubank-2024-06
2023-12-27,"30,97",Eduardo Henrique Custodio Rodrigues,Cobrar,Barbearia,nubank-2024-01
2022-02-27,30,Thalis Ricardo de Souz,serviços,Outros,nubank-2022-03
2022-08-04,30,Hgs Exames,Saúde,Saúde,nubank-2022-09
2022-12-25,30,As Negocio Empreendime,Transporte,Outros,nubank-2023-01
2023-01-14,30,Posto Norte Sul,Combustível,Combustível,nubank-2023-02
2023-01-11,30,Posto Formula,Combustível,Combustível,nubank-2023-02
2023-03-30,30,Posto Cruzeiro do Sul,Combustível,Combustível,nubank-2023-04
2023-03-14,30,Posto Quick,Combustível,Combustível,nubank-2023-04
2023-03-05,30,Posto Cruzeiro do Sul,Combustível,Combustível,nubank-2023-04
2023-04-21,30,Posto Cruzeiro do Sul,Combustível,Combustível,nubank-2023-05
2023-04-14,30,Posto Cruzeiro do Sul,Combustível,Combustível,nubank-2023-05
2023-04-05,30,Ponto do Riacho,Casa,Compras/Catira,nubank-2023-05
2023-05-25,30,Posto Cruzeiro do Sul,Combustível,Combustível,nubank-2023-06
2023-05-17,30,Posto Paulistinha,Combustível,Combustível,nubank-2023-06
2023-05-16,30,Abastec*Abastece Ai,Transporte,Combustível,nubank-2023-06
2023-05-13,30,Posto Abasteca Aqui Ba,Combustível,Combustível,nubank-2023-06
2023-05-11,30,Posto Cruzeiro do Sul,Combustível,Combustível,nubank-2023-06
2023-04-30,30,Abastec*Abastece Ai,Transporte,Combustível,nubank-2023-06
2023-06-24,30,Posto Cruzeiro do Sul,Combustível,Combustível,nubank-2023-07
2023-06-21,30,Posto Cruzeiro do Sul,Combustível,Combustível,nubank-2023-07
2023-07-20,30,Posto Trancoso,Combustível,Combustível,nubank-2023-08
2023-07-03,30,Posto Cn,Combustível,Combustível,nubank-2023-08
2023-07-01,30,Posto Cruzeiro do Sul,Combustível,Combustível,nubank-2023-08
2023-08-26,30,Frogpay*B7 Plus,Lazer,Lazer,nubank-2023-09
2023-08-20,30,Alfa Auto Posto,Combustível,Combustível,nubank-2023-09
2023-09-29,30,Posto Labareda,Bar/Bebidas,Bar/Bebidas,nubank-2023-10
2023-09-20,30,Posto Cruzeiro do Sul,Combustível,Combustível,nubank-2023-10
2023-09-14,30,Posto Cruzeiro do Sul,Combustível,Combustível,nubank-2023-10
2023-09-12,30,Frogpay*B7 Plus,Lazer,Lazer,nubank-2023-10
2023-10-15,30,Pag*Silmarareisdasilv,Barbearia,Barbearia,nubank-2023-11
2023-10-13,30,Posto Cruzeiro do Sul,Combustível,Combustível,nubank-2023-11
2023-10-11,30,Posto Cruzeiro do Sul,Combustível,Combustível,nubank-2023-11
2023-10-08,30,Inconfidentes Combusti,Transporte,Combustível,nubank-2023-11
2023-11-29,30,Posto Quick,Combustível,Combustível,nubank-2023-12
2023-11-24,30,Posto Cruzeiro do Sul,Combustível,Combustível,nubank-2023-12
2023-11-02,30,Posto Cruzeiro do Sul,Combustível,Combustível,nubank-2023-12
2023-12-23,30,Posto Cruzeiro do Sul,Combustível,Combustível,nubank-2024-01
2023-12-21,30,Posto Cruzeiro do Sul,Combustível,Combustível,nubank-2024-01
2023-12-04,30,Posto Cruzeiro do Sul,Combustível,Combustível,nubank-2024-01
2024-01-18,30,Bar do Sabao,Bar/Bebidas,Bar/Bebidas,nubank-2024-02
2024-03-12,30,Posto Cruzeiro do Sul,Combustível,Combustível,nubank-2024-04
2024-04-22,30,Posto Carmenia S.A,Combustível,Combustível,nubank-2024-05
2024-04-21,30,Gege Hot Dog,Ifood/Restaurante,Ifood/Restaurante,nubank-2024-05
2024-04-15,30,Claudioburgue,Ifood/Restaurante,Ifood/Restaurante,nubank-2024-05
2024-04-11,30,As Negocios Empreendi,Transporte,Transporte,nubank-2024-05
2022-06-20,"29,99",Uber *Uber *Trip,Transporte,Transporte,nubank-2022-07
2022-12-15,"29,98",Uber *Uber *Trip,Transporte,Transporte,nubank-2023-01
2024-05-25,"29,91",Ifd*Luara Pereira Dutr,Supermercado,Ifood/Restaurante,nubank-2024-06
2024-06-08,"29,91",Uber *Uber *Trip,Transporte,Transporte,nubank-2024-07
2024-03-05,"29,9",Uber *Uber *Trip,Transporte,Transporte,nubank-2024-04
2023-12-08,"29,88",Eduardo Henrique Custodio Rodrigues,Cobrar,Barbearia,nubank-2024-01
2024-05-02,"29,7",Grassy Caffe,Restaurante,Ifood/Restaurante,nubank-2024-06
2023-06-03,"29,63",Padaria Pao Divino,Padaria,Padaria,nubank-2023-07
2023-04-27,"29,43",Pizzaiolo Cidade Nova,Ifood/Restaurante,Ifood/Restaurante,nubank-2023-05
2023-04-25,"29,41",Pizzaiolo Cidade Nova,Ifood/Restaurante,Ifood/Restaurante,nubank-2023-05
2022-11-27,"29,4",Panificadora Tio Louro,Padaria,Padaria,nubank-2022-12
2023-08-03,"29,31",Emporio,Casa,Bar/Bebidas,nubank-2023-09
2024-04-08,29,Sorveteria Almeida,Restaurante,Ifood/Restaurante,nubank-2024-05
2023-01-29,"28,9",Mc Donalds Ctg,Restaurante,Ifood/Restaurante,nubank-2023-02
2024-05-08,"28,51",Regalle Restaurante,Restaurante,Ifood/Restaurante,nubank-2024-06
2023-01-25,"28,49",Pag*Steam,Assinaturas,Assinaturas,nubank-2023-02
2024-05-04,"28,3",Estrela de Moema,Restaurante,Ifood/Restaurante,nubank-2024-06
2022-12-22,"28,03",Uber *Uber *Trip,Transporte,Transporte,nubank-2023-01
2023-06-04,28,Mp Paga*Ancho Catering,Restaurante,Ifood/Restaurante,nubank-2023-07
2024-02-10,28,Bar e Merc Metro,Bar/Bebidas,Bar/Bebidas,nubank-2024-03
2024-03-14,28,Gege Hot Dog,Ifood/Restaurante,Ifood/Restaurante,nubank-2024-04
2024-04-13,"27,95",Pag*Pointbeerbetania,Bar/Bebidas,Bar/Bebidas,nubank-2024-05
2022-08-07,"27,9",Uber *Uber *Trip,Transporte,Transporte,nubank-2022-09
2023-04-22,"27,5",Drinks Alvorada,Supermercado,Bar/Bebidas,nubank-2023-05
2023-01-22,"26,9",Pampulha,Restaurante,Ifood/Restaurante,nubank-2023-02
2023-10-06,"26,3",Pag*Surubimnoespeto,Restaurante,Ifood/Restaurante,nubank-2023-11
2022-12-22,"26,22",Uber *Uber *Trip,Transporte,Transporte,nubank-2023-01
2023-06-14,26,Posto Cruzeiro do Sul,Combustível,Combustível,nubank-2023-07
2023-08-08,26,Padaria Pao Divino,Padaria,Padaria,nubank-2023-09
2024-06-09,26,Old School,Restaurante,Ifood/Restaurante,nubank-2024-07
2024-01-01,"25,9",Tembici,Lazer,Lazer,nubank-2024-02
2024-01-01,"25,9",Tembici,Lazer,Lazer,nubank-2024-02
2024-02-11,"25,75",Padaria Pao Divino,Padaria,Padaria,nubank-2024-03
2022-11-02,"25,39",Uber *Uber *Trip,Transporte,Transporte,nubank-2022-12
2024-05-29,"25,38",Mr,Restaurante,Ifood/Restaurante,nubank-2024-06
2023-08-25,"25,17",Frutosdegoias,Ifood/Restaurante,Ifood/Restaurante,nubank-2023-09
2022-11-25,"25,15",Pizzaiolo Cidade Nova,Ifood/Restaurante,Ifood/Restaurante,nubank-2022-12
2023-03-01,25,Ponto do Riacho,Casa,Compras/Catira,nubank-2023-04
2023-04-06,25,Posto Miragem,Combustível,Combustível,nubank-2023-05
2023-05-11,25,Ana Carolina de Olivei,Supermercado,Supermercado,nubank-2023-06
2023-06-18,25,Pag*Silmarareisdasilv,Barbearia,Barbearia,nubank-2023-07
2023-08-25,25,Auto Posto Arrudao,Combustível,Combustível,nubank-2023-09
2024-04-27,25,Rest e Lanc Felicios,Restaurante,Ifood/Restaurante,nubank-2024-05
2024-04-08,25,Pag*Gabrielelanch,serviços,Ifood/Restaurante,nubank-2024-05
2023-05-18,"24,99",Ifood *Ifd*Umbigo do,Ifood/Restaurante,Ifood/Restaurante,nubank-2023-06
2022-06-19,"24,96",Uber *Uber *Trip,Transporte,Transporte,nubank-2022-07
2024-06-03,"24,96",Uber *Uber *Trip,Transporte,Transporte,nubank-2024-07
2022-12-15,"24,93",Uber *Uber *Trip,Transporte,Transporte,nubank-2023-01
2024-01-04,"24,93",Uber *Uber *Trip,Transporte,Transporte,nubank-2024-02
2024-06-09,"24,93",Uber *Uber *Trip,Transporte,Transporte,nubank-2024-07
2022-01-30,"24,9",Bk Brasil Operacao Ass,Ifood/Restaurante,Ifood/Restaurante,nubank-2022-02
2022-04-04,"24,9",Uber *Uber *Trip,Transporte,Transporte,nubank-2022-05
2024-02-19,"24,89",Ifd*Douglas Fernandes,Transporte,Ifood/Restaurante,nubank-2024-03
2024-05-23,"24,67",Regalle Restaurante,Restaurante,Ifood/Restaurante,nubank-2024-06
2022-01-31,"24,43",Chuchu Bebidas,Bar/Bebidas,Bar/Bebidas,nubank-2022-03
2023-11-07,"24,35",Saldo em rotativo,Outras Taxas,Taxas/Imposto,nubank-2023-12
2022-09-12,"24,2",Pag*Mepayfinancial,Casa,Ifood/Restaurante,nubank-2022-10
2022-09-11,"24,2",Pag*Mepayfinancial,Casa,Ifood/Restaurante,nubank-2022-10
2022-08-29,24,Ta Osso Beach,Restaurante,Bar/Bebidas,nubank-2022-09
2024-02-03,24,Sinal Auto Pecas e Ace,Carro,Carro,nubank-2024-03
2022-12-30,"23,96",Supermercado Super Lun,Supermercado,Supermercado,nubank-2023-01
2023-12-04,"23,75",Pizzaria Quatro Sabore,Ifood/Restaurante,Ifood/Restaurante,nubank-2024-01
2023-04-20,"23,64",Churrascaria Cidade No,Ifood/Restaurante,Ifood/Restaurante,nubank-2023-05
2024-05-02,"23,47",Pag*Postoportaldo,Combustível,Ifood/Restaurante,nubank-2024-06
2024-03-18,"23,04",Raia3338,saúde,Saúde,nubank-2024-04
2024-03-24,23,Gege Hot Dog,Ifood/Restaurante,Ifood/Restaurante,nubank-2024-04
2024-01-03,"22,98",Ifd*Bar e Lanchonete S,Bar/Bebidas,Ifood/Restaurante,nubank-2024-02
2024-05-07,"22,9",Fabio Daiani Restauran,Restaurante,Ifood/Restaurante,nubank-2024-06
2023-06-08,"22,73",Pizzaiolo Cidade Nova,Ifood/Restaurante,Ifood/Restaurante,nubank-2023-07
2023-07-20,"22,5",Zp *Sympla 6143ha,Lazer,Lazer,nubank-2023-08
2023-12-08,"22,03",Carlos Junio Ferreira Da Silva,Cigarro,Cigarro,nubank-2024-01
2022-08-29,22,Ta Osso Beach,Restaurante,Ifood/Restaurante,nubank-2022-09
2023-01-28,22,Pag*Sinalautopecas,Carro,Carro,nubank-2023-02
2023-02-27,22,Pag*Mepayfinancial,Casa,Compras/Catira,nubank-2023-03
2023-02-13,22,Claudioburgue,Ifood/Restaurante,Ifood/Restaurante,nubank-2023-03
2023-02-04,22,Jrlprdutos,Casa,Carro,nubank-2023-03
2023-04-02,22,Minas Bebidas Distribu,Bar/Bebidas,Bar/Bebidas,nubank-2023-05
2024-02-07,"21,85",Gabriel Hilbert Antunes,Cobrar,Lazer,nubank-2024-03
2022-12-10,"21,72",Uber *Uber *Trip,Transporte,Transporte,nubank-2023-01
2024-03-23,"21,61",Pn Trigo Vinho,Padaria,Padaria,nubank-2024-04
2022-10-28,"21,59",Uber *Uber *Trip,Transporte,Transporte,nubank-2022-11
2023-12-10,"21,58",Carlos Junio Ferreira da Silva,Cigarro,Cigarro,nubank-2024-01
2022-10-09,"21,55",Uber *Uber *Trip,Transporte,Transporte,nubank-2022-11
2023-11-07,"21,54",PEDRO LUCAS SILVA CAMARA                ,Cobrar,Cigarro,nubank-2023-12
2023-05-30,"21,41",Churrascaria Cidade No,Ifood/Restaurante,Ifood/Restaurante,nubank-2023-06
2022-05-10,"21,3",Valtunir Jose Pereira,Restaurante,Ifood/Restaurante,nubank-2022-06
2022-11-23,"21,3",Pag*Restaurantet,Restaurante,Ifood/Restaurante,nubank-2022-12
2023-07-03,"21,25",Pizzaria 4 Sabores,Ifood/Restaurante,Ifood/Restaurante,nubank-2023-08
2024-04-02,"21,06",Pn Trigo Vinho,Padaria,Padaria,nubank-2024-05
2022-04-22,21,Pag*Silmarareisdasilv,Barbearia,Barbearia,nubank-2022-05
2022-09-22,21,Pag*Silmarareisdasilv,Barbearia,Barbearia,nubank-2022-10
2023-04-03,21,sem Destino Santa Cruz,Restaurante,Ifood/Restaurante,nubank-2023-05
2023-04-03,"20,98",Sup Vista Alegre,Supermercado,Supermercado,nubank-2023-05
2023-12-21,"20,98",Wesley Gomes de Oliveira,Cobrar,Cobrar,nubank-2024-01
2023-05-07,"20,93",DAWIDSON ALMEIDA PIRES,Futebol,Futebol,nubank-2023-06
2023-08-08,"20,93",FABRICIO LENE DE JESUS,Cigarro,Cigarro,nubank-2023-09
2023-02-08,"20,9",Ponto do Riacho,Casa,Compas/Catira,nubank-2023-03
2022-04-23,"20,8",Pag*Samsfood,Restaurante,Ifood/Restaurante,nubank-2022-05
2023-03-10,"20,78",Dawidson Almeida Pires,Futebol,Futebol,nubank-2023-04
2023-02-09,"20,68",Marlon Hudson Dias Cassiano ,Barbearia,Barbearia,nubank-2023-03
2023-03-22,"20,52",Lucas Eduardo Silva Camara,Cobrar,Dívida,nubank-2023-04
2022-01-01,"20,5",Padaria Remmar,Padaria,Padaria,nubank-2022-02
2022-01-31,"20,5",Geraldo Ferreira de M,Ifood/Restaurante,Ifood/Restaurante,nubank-2022-03
2023-10-15,"20,5",Gilvander Gomes Gonza,Restaurante,Ifood/Restaurante,nubank-2023-11
2022-12-23,"20,39",Marlon Hudson Dias Cassiano ,Barbearia,Barbearia,nubank-2023-01
2023-02-24,"20,33",Marlon Hudson Dias Cassiano ,Barbearia,Barbearia,nubank-2023-03
2022-12-01,"20,32",Uber *Uber *Trip,Transporte,Transporte,nubank-2023-01
2022-10-01,"20,09",Uber *Uber *Trip,Transporte,Transporte,nubank-2022-11
2023-11-16,"20,03",Sol e Neve,Restaurante,Ifood/Restaurante,nubank-2023-12
2022-03-31,"20,01",Tienda Y Distribuidora,Bar/Bebidas,Bar/Bebidas,nubank-2022-05
2022-04-30,20,Higor Fernandes Freit,serviços,Outros,nubank-2022-06
2022-06-18,20,Nono Caldos,Restaurante,Ifood/Restaurante,nubank-2022-07
2022-12-30,20,Posto Cruzeiro do Sul,Combustível,Combustível,nubank-2023-01
2022-12-29,20,Posto Cruzeiro do Sul,Combustível,Combustível,nubank-2023-01
2022-12-14,20,Posto Cruzeiro do Sul,Combustível,Combustível,nubank-2023-01
2022-12-12,20,Posto Cruzeiro do Sul,Combustível,Combustível,nubank-2023-01
2022-12-02,20,Rd Posto de Combustive,Combustível,Combustível,nubank-2023-01
2023-04-14,20,Rd Posto de Combustive,Combustível,Combustível,nubank-2023-05
2023-04-13,20,Posto Tereza Cristina,Combustível,Combustível,nubank-2023-05
2023-04-02,20,Pag*Drogariae,Saúde,Saúde,nubank-2023-05
2023-09-04,20,Posto Cruzeiro do Sul,Combustível,Combustível,nubank-2023-10
2023-09-02,20,Pizza do Barulho,Bar/Bebidas,Ifood/Restaurante,nubank-2023-10
2023-10-24,20,Expressa Combustiveis,Combustível,Combustível,nubank-2023-11
2023-10-04,20,Posto Olimar Comercio,Combustível,Combustível,nubank-2023-11
2023-11-03,20,Pag*Rafaelalvesda,serviços,Outros,nubank-2023-12
2024-03-25,20,Pag*Spotpasssolucoes,serviços,Lazer,nubank-2024-04
2024-03-31,20,Sara Carvalho,Supermercado,Ifood/Restaurante,nubank-2024-05
2024-06-08,20,Auto Posto Arrudao,Combustível,Combustível,nubank-2024-07
2022-12-13,"19,99",Uber *Uber *Trip,Transporte,Transporte,nubank-2023-01
2024-05-23,"19,99",Uber *Uber *Trip,Transporte,Transporte,nubank-2024-06
2024-06-05,"19,99",Pao de Acucar-2449,Supermercado,Supermercado,nubank-2024-07
2024-04-07,"19,98",Drogaria Fabiana,Saúde,Saúde,nubank-2024-05
2023-07-27,"19,95",Uber *Uber *Trip,Transporte,Transporte,nubank-2023-08
2022-04-03,"19,92",Uber *Uber *Trip,Transporte,Transporte,nubank-2022-05
2023-06-06,"19,92",Uber *Uber *Trip,Transporte,Transporte,nubank-2023-07
2024-05-19,"19,9",Uber *Uber *Trip,Transporte,Transporte,nubank-2024-06
2023-07-15,"19,89",Ifood *Ifd*Restauran,Ifood/Restaurante,Ifood/Restaurante,nubank-2023-08
2022-06-20,"19,3",Pag*Samsfood,Restaurante,Ifood/Restaurante,nubank-2022-07
2023-07-22,19,Restaurante e Lanchone,Restaurante,Ifood/Restaurante,nubank-2023-08
2023-12-30,"18,99",If*Ifoodpos,Ifood/Restaurante,Ifood/Restaurante,nubank-2024-01
2024-03-14,"18,89",Ifd*Domingas Francisca,Restaurante,Ifood/Restaurante,nubank-2024-04
2022-10-30,"18,65",Uber *Uber *Trip,Transporte,Transporte,nubank-2022-11
2022-10-09,"18,52",Uber *Uber *Trip,Transporte,Transporte,nubank-2022-11
2022-10-29,"18,5",Feito em Casa,Restaurante,Ifood/Restaurante,nubank-2022-11
2023-02-21,"18,18",Carol Sorvetes e Acai,Supermercado,Supermercado,nubank-2023-03
2022-04-11,18,Meep *Rodeio de Par,Lazer,Bar/Bebidas,nubank-2022-05
2023-03-24,18,Supermercado Super Lun,Supermercado,Supermercado,nubank-2023-04
2023-09-04,18,Tropeiro Real,Restaurante,Ifood/Restaurante,nubank-2023-10
2022-04-03,"17,96",Uber *Uber *Trip,Transporte,Transporte,nubank-2022-05
2022-08-09,"17,94",Santa Cruz,Supermercado,Supermercado,nubank-2022-09
2024-06-11,"17,94",Uber *Uber *Trip,Transporte,Transporte,nubank-2024-07
2023-04-26,"17,9",Garagem Hamburgueria,Ifood/Restaurante,Ifood/Restaurante,nubank-2023-05
2023-07-02,"17,89",Ifood *Ifd*2b Blends,Ifood/Restaurante,Ifood/Restaurante,nubank-2023-08
2022-10-02,"17,88",Uber *Uber *Trip,Transporte,Transporte,nubank-2022-11
2024-05-26,"17,74",Ielmo Paes e Doces,Restaurante,Ifood/Restaurante,nubank-2024-06
2024-02-17,"17,5",Gege Hot Dog,Ifood/Restaurante,Ifood/Restaurante,nubank-2024-03
2022-10-09,"17,39",Uber *Uber *Trip,Transporte,Transporte,nubank-2022-11
2023-02-14,"17,34",Supermercado Super Lun,Supermercado,Supermercado,nubank-2023-03
2022-08-29,17,Mauricinho do Sanduich,Casa,Ifood/Restaurante,nubank-2022-09
2023-02-11,17,Geraldo Ferreira de M,Ifood/Restaurante,Ifood/Restaurante,nubank-2023-03
2022-05-09,"16,95",Mp *Caiouber,Transporte,Transporte,nubank-2022-06
2024-02-09,"16,93",Uber *Uber *Trip,Transporte,Transporte,nubank-2024-03
2022-12-13,"16,92",Uber *Uber *Trip,Transporte,Transporte,nubank-2023-01
2022-10-08,"16,5",Gege Hot Dog Gourmet,Ifood/Restaurante,Ifood/Restaurante,nubank-2022-11
2022-10-02,"16,5",Geraldo Ferreira de M,Ifood/Restaurante,Ifood/Restaurante,nubank-2022-11
2023-04-13,"16,4",L4u*Padaria 3 Poderes,Padaria,Padaria,nubank-2023-05
2022-02-17,"16,2",Mp *Uber,Transporte,Transporte,nubank-2022-03
2023-01-28,"16,07",Bar do Sabao,Bar/Bebidas,Bar/Bebidas,nubank-2023-02
2023-02-28,"16,05",Padaria Pao Divino,Padaria,Padaria,nubank-2023-04
2021-12-30,16,Restaurante Beira Rio,Supermercado,Supermercado,nubank-2022-01
2022-06-19,16,Anchieta Garden Shoppi,Transporte,Estacionamento,nubank-2022-07
2022-10-31,16,O Garapeiro,Restaurante,Ifood/Restaurante,nubank-2022-12
2023-03-26,16,Pag*Claudiobare,Bar/Bebidas,Bar/Bebidas,nubank-2023-04
2023-04-29,16,Pag*Claudiobare,Bar/Bebidas,Bar/Bebidas,nubank-2023-05
2024-04-24,16,Allpark Empreendimento,Estacionamento,Estacionamento,nubank-2024-05
2024-01-08,"15,99",Dia,Supermercado,Supermercado,nubank-2024-02
2022-12-08,"15,93",Uber *Uber *Trip,Transporte,Transporte,nubank-2023-01
2023-08-27,"15,9",Nosso Pao de Queijo,Restaurante,Ifood/Restaurante,nubank-2023-09
2023-05-27,"15,77",Padaria Pao Divino,Padaria,Padaria,nubank-2023-06
2023-02-18,"15,62",Padaria Pao Divino,Padaria,Padaria,nubank-2023-03
2022-02-16,"15,6",Mp *Paradadofran,Restaurante,Ifood/Restaurante,nubank-2022-03
2022-04-19,"15,5",Olimpio Lanches,Ifood/Restaurante,Ifood/Restaurante,nubank-2022-05
2022-06-19,"15,38",Pag*Mepayfinancial,serviços,Outros,nubank-2022-07
2022-06-19,"15,38",Pag*Mepayfinancial,serviços,Outros,nubank-2022-07
2022-06-19,"15,38",Pag*Mepayfinancial,serviços,Outros,nubank-2022-07
2022-05-05,"15,2",Mp *Elieltonservi,Transporte,Transporte,nubank-2022-06
2022-01-23,15,Imperial Distribuidora,Bar/Bebidas,Bar/Bebidas,nubank-2022-02
2022-01-03,15,Mp *Alvaninhoalverino,Outros,Outros,nubank-2022-02
2022-04-04,15,Mp *Alexsandra,Restaurante,Ifood/Restaurante,nubank-2022-05
2022-11-26,15,Arm. Familia Alves,Supermercado,Supermercado,nubank-2022-12
2022-10-31,15,Geraldo Ferreira de M,Ifood/Restaurante,Ifood/Restaurante,nubank-2022-12
2023-02-06,15,Pag*Mepayfinancial,Casa,Ifood/Restaurante,nubank-2023-03
2023-03-30,15,L4u*Padaria 3 Poderes,Padaria,Padaria,nubank-2023-04
2023-03-19,15,Pag*Spotpasssolucoes,serviços,Lazer,nubank-2023-04
2023-11-12,15,Pag*Paulusbar,Bar/Bebidas,Bar/Bebidas,nubank-2023-12
2024-03-27,15,Anderson da Silva Med,Restaurante,Ifood/Restaurante,nubank-2024-04
2022-04-07,"14,99",Cartola Pro,Assinaturas,Assinaturas,nubank-2022-05
2024-06-03,"14,99",Uber *Uber *Trip,Transporte,Transporte,nubank-2024-07
2022-08-14,"14,98",Uber *Uber *Trip,Transporte,Transporte,nubank-2022-09
2023-08-25,"14,98",Uber *Uber *Trip,Transporte,Transporte,nubank-2023-09
2022-04-30,"14,97",Cartola Pro 2/4,Assinaturas,Assinaturas,nubank-2022-06
2022-05-31,"14,97",Cartola Pro 3/4,Assinaturas,Assinaturas,nubank-2022-07
2022-06-30,"14,97",Cartola Pro 4/4,Assinaturas,Assinaturas,nubank-2022-08
2023-07-15,"14,93",Uber *Uber *Trip,Transporte,Transporte,nubank-2023-08
2022-12-02,"14,9",Uber *Uber *Trip,Transporte,Transporte,nubank-2023-01
2024-05-19,"14,9",Posto Tereza Cristina,Combustível,Combustível,nubank-2024-06
2023-11-12,"14,67",Manos Beer Loja,Bar/Bebidas,Bar/Bebidas,nubank-2023-12
2023-06-07,"14,64",NILZA APARECIDA MARTINS DE JESUS,Cobrar,Lazer,nubank-2023-07
2023-03-18,"14,6",Padaria Pao Divino,Padaria,Padaria,nubank-2023-04
2023-03-06,"14,57",Bar do Sabao,Bar/Bebidas,Bar/Bebidas,nubank-2023-04
2024-03-10,"14,5",Big Mercearia e Comerc,Padaria,Bar/Bebidas,nubank-2024-04
2024-05-23,"14,5",Padaria Nova Imperial,Padaria,Padaria,nubank-2024-06
2024-04-27,"14,23",Uber *Uber *Trip,Transporte,Transporte,nubank-2024-05
2022-05-13,"14,1",Mercpago *Cristiano,eletrônicos,Transporte,nubank-2022-06
2022-06-01,"14,1",Mp *Samuel,Transporte,Transporte,nubank-2022-07
2023-02-27,"14,1",Padaria Pao Divino,Padaria,Padaria,nubank-2023-03
2022-05-14,14,Imperial Distribuidora,Bar/Bebidas,Bar/Bebidas,nubank-2022-06
2022-12-22,14,Padaria Pao Divino,Padaria,Padaria,nubank-2023-01
2023-02-03,14,Claudioburgue,Ifood/Restaurante,Ifood/Restaurante,nubank-2023-03
2023-05-11,14,Mp *Hotdogbruttus,Outros,Ifood/Restaurante,nubank-2023-06
2023-08-20,14,Pag*Mepayfinancial,Casa,Casa,nubank-2023-09
2023-10-23,"13,99",Uber *Uber *Trip,Transporte,Transporte,nubank-2023-11
2022-11-19,"13,97",Uber *Uber *Trip,Transporte,Transporte,nubank-2022-12
2023-04-13,"13,93",Uber *Uber *Trip,Transporte,Transporte,nubank-2023-05
2023-09-18,"13,92",Pag*Sorvetesfhamltda,Supermercado,Ifood/Restaurante,nubank-2023-10
2022-05-12,"13,9",Mp *Valda,eletrônicos,Transporte,nubank-2022-06
2023-02-24,"13,83",Lucas Eduardo Silva Camara,Cobrar,Dívida,nubank-2023-03
2022-05-11,"13,8",Pag*Robsonpereira,eletrônicos,Compras/Catira,nubank-2022-06
2022-10-19,"13,75",Uber *Uber *Trip,Transporte,Transporte,nubank-2022-11
2024-02-09,"13,75",Padaria Pao Divino,Padaria,Padaria,nubank-2024-03
2022-10-28,"13,67",Feito em Casa,Restaurante,Ifood/Restaurante,nubank-2022-11
2022-06-30,"13,6",Re,Restaurante,Ifood/Restaurante,nubank-2022-08
2023-03-16,"13,5",Padaria Pao Divino,Padaria,Padaria,nubank-2023-04
2023-11-25,"13,5",Pag*Jaconiasfreiredas,Supermercado,Supermercado,nubank-2023-12
2024-04-07,"13,5",Zp*Hard Solucoes e Ser,serviços,Outros,nubank-2024-05
2022-02-17,"13,4",Mp *Fabio,Transporte,Transporte,nubank-2022-03
2023-03-09,"13,25",L4u*Padaria 3 Poderes,Padaria,Padaria,nubank-2023-04
2022-12-14,13,Padaria Pao Divino,Padaria,Padaria,nubank-2023-01
2022-12-04,13,Pag*Julianocamilo,serviços,Outros,nubank-2023-01
2023-04-30,13,Mureta Choperia,Bar/Bebidas,Bar/Bebidas,nubank-2023-06
2024-03-16,13,Pag*Drarena,Lazer,Lazer,nubank-2024-04
2024-05-19,13,Pag*49821414sandrode,Supermercado,Supermercado,nubank-2024-06
2024-05-30,"12,98",Uber *Uber *Trip,Transporte,Transporte,nubank-2024-06
2023-12-28,"12,96",Uber *Uber *Trip,Transporte,Transporte,nubank-2024-01
2023-12-12,"12,91",Uber *Uber *Trip,Transporte,Transporte,nubank-2024-01
2022-05-11,"12,8",Mp *Delano,Supermercado,Transporte,nubank-2022-06
2023-05-24,"12,8",Padaria Pao Divino,Padaria,Padaria,nubank-2023-06
2022-05-14,"12,62",Pag*Tonolucro,Ifood/Restaurante,Ifood/Restaurante,nubank-2022-06
2022-06-26,"12,5",Pedro Alves de Melo,saúde,Saúde,nubank-2022-07
2023-03-24,"12,49",Cartola Pro,Assinaturas,Assinaturas,nubank-2023-04
2023-03-31,"12,47",Cartola Pro 2/4,Assinaturas,Assinaturas,nubank-2023-05
2023-04-30,"12,47",Cartola Pro 3/4,Assinaturas,Assinaturas,nubank-2023-06
2023-05-31,"12,47",Cartola Pro 4/4,Assinaturas,Assinaturas,nubank-2023-07
2022-12-21,"12,44",Uber *Uber *Trip,Transporte,Transporte,nubank-2023-01
2023-04-06,"12,4",L4u*Padaria 3 Poderes,Padaria,Padaria,nubank-2023-05
2024-02-23,"12,3",Padaria Pao Divino,Padaria,Padaria,nubank-2024-03
2023-11-14,"12,01",PEDRO LUCAS SILVA CAMARA                ,Cobrar,Cigarro,nubank-2023-12
2021-12-21,12,Geraldo Ferreira de M,Ifood/Restaurante,Ifood/Restaurante,nubank-2022-01
2022-05-29,12,Quintal Cafe Louge Bar,Bar/Bebidas,Bar/Bebidas,nubank-2022-06
2022-05-29,12,Quintal Cafe Louge Bar,Bar/Bebidas,Bar/Bebidas,nubank-2022-06
2022-08-19,12,Geraldo Ferreira de M,Ifood/Restaurante,Ifood/Restaurante,nubank-2022-09
2022-09-23,12,Be Happy,Lazer,Lazer,nubank-2022-10
2023-01-20,12,Redefarma,saúde,Saúde,nubank-2023-02
2023-01-16,12,Breik Afonso Pena,Ifood/Restaurante,Ifood/Restaurante,nubank-2023-02
2023-02-04,12,Pag*Pauloborgeshubner,serviços,Bar/Bebidas,nubank-2023-03
2023-02-04,12,Pag*Renatadayane,serviços,Bar/Bebidas,nubank-2023-03
2023-02-24,"11,99",Uber *Uber *Trip,Transporte,Transporte,nubank-2023-03
2023-08-08,"11,99",Uber *Uber *Trip,Transporte,Transporte,nubank-2023-09
2024-03-12,"11,97",Uber *Uber *Trip,Transporte,Transporte,nubank-2024-04
2024-03-06,"11,97",Uber *Uber *Trip,Transporte,Transporte,nubank-2024-04
2022-12-02,"11,95",Uber *Uber *Trip,Transporte,Transporte,nubank-2023-01
2023-09-29,"11,95",Uber *Uber *Trip,Transporte,Transporte,nubank-2023-10
2024-03-02,"11,95",Uber *Uber *Trip,Transporte,Transporte,nubank-2024-04
2024-02-09,"11,94",Uber *Uber *Trip,Transporte,Transporte,nubank-2024-03
2023-11-08,"11,92",ADMINISTRADORA GERAL DE ESTACIONAMENTOS S A                 ,Estacionamento,Estacionamento,nubank-2023-12
2022-06-11,"11,8",Emporio G,Supermercado,Bar/Bebidas,nubank-2022-07
2023-02-10,"11,79",L4u*Padaria 3 Poderes,Padaria,Padaria,nubank-2023-03
2024-01-20,"11,67",Uber *Uber *Trip,Transporte,Transporte,nubank-2024-02
2022-06-01,"11,3",Dona Lica,Padaria,Padaria,nubank-2022-07
2022-11-01,"11,07",Uber *Uber *Trip,Transporte,Transporte,nubank-2022-12
2022-12-04,11,Ponto do Riacho,Casa,Compras/Catira,nubank-2023-01
2023-05-21,11,Big Mercearia e Comerc,Padaria,Bar/Bebidas,nubank-2023-06
2023-09-08,11,Pag*Unidadeitaupower,Transporte,Estacionamento,nubank-2023-10
2023-11-04,11,Canto da Cerveja,Restaurante,Bar/Bebidas,nubank-2023-12
2023-12-03,11,Pag*Unidadeitaupower,Transporte,Estacionamento,nubank-2024-01
2022-11-03,"10,99",Uber *Uber *Trip,Transporte,Transporte,nubank-2022-12
2023-08-03,"10,98",Uber *Uber *Trip,Transporte,Transporte,nubank-2023-09
2022-12-01,"10,96",Uber *Uber *Trip,Transporte,Transporte,nubank-2023-01
2023-08-19,"10,94",Uber *Uber *Trip,Transporte,Transporte,nubank-2023-09
2022-12-06,"10,86",Uber *Uber *Trip,Transporte,Transporte,nubank-2023-01
2022-12-17,"10,63",Uber *Uber *Trip,Transporte,Transporte,nubank-2023-01
2023-12-16,"10,62",Fabricio Lene de Jesus,Cigarro,Cigarro,nubank-2024-01
2024-02-15,"10,5",Padaria Pao Divino,Padaria,Padaria,nubank-2024-03
2024-05-07,"10,5",Starbucks 144 Lago Azu,Ifood/Restaurante,Ifood/Restaurante,nubank-2024-06
2023-02-07,"10,36",GABRIEL VIDAL D,Cobrar,Futebol,nubank-2023-03
2023-06-16,"10,34",Welton machado nascimento ,Cobrar,Outros,nubank-2023-07
2023-12-08,"10,3",Guilherme Miranda Alves,Cobrar,Outros,nubank-2024-01
2022-09-02,"10,2",Pn Trigo Vinho,Padaria,Padaria,nubank-2022-10
2022-01-03,10,Pag*Alessandramendes,Outros,Outros,nubank-2022-02
2022-10-07,10,Be Happy,Lazer,Outros,nubank-2022-11
2022-10-01,10,Be Happy,Lazer,Outros,nubank-2022-11
2023-03-12,10,Pag*Mepayfinancial,Casa,Ifood/Restaurante,nubank-2023-04
2023-04-17,10,Shopping Contagem,Transporte,Estacionamento,nubank-2023-05
2023-06-28,10,Big Contagem,Transporte,Estacionamento,nubank-2023-07
2023-06-22,10,Padaria Pao Divino,Padaria,Padaria,nubank-2023-07
2023-06-21,10,Padaria Pao Divino,Padaria,Padaria,nubank-2023-07
2023-07-14,10,Cabelos Beer,Bar/Bebidas,Bar/Bebidas,nubank-2023-08
2024-03-27,10,Pag*Jaconiasfreiredas,Supermercado,Outros,nubank-2024-04
2024-05-23,10,Aguiar Souza,Supermercado,Ifood/Restaurante,nubank-2024-06
2024-05-08,10,Zul 10 Cartoes V6xe1,Estacionamento,Estacionamento,nubank-2024-06
2024-05-03,10,Zul 10 Cartoes Uzgux,Estacionamento,Estacionamento,nubank-2024-06
2024-06-15,10,Pag*Rosasalgados,Restaurante,Ifood/Restaurante,nubank-2024-07
2024-05-10,"9,99",Lojas Americanas,eletrônicos,Ifood/Restaurante,nubank-2024-06
2023-08-12,"9,96",Uber *Uber *Trip,Transporte,Transporte,nubank-2023-09
2023-08-17,"9,92",Uber *Uber *Trip,Transporte,Transporte,nubank-2023-09
2023-08-04,"9,91",Uber *Uber *Trip,Transporte,Transporte,nubank-2023-09
2022-11-03,"9,9",Uber *Uber *Trip,Transporte,Transporte,nubank-2022-12
2024-03-27,"9,6",Ponto Chic Bilhares,Lazer,Lazer,nubank-2024-04
2023-08-22,"9,55",Uber *Uber *Trip,Transporte,Transporte,nubank-2023-09
2022-09-24,"9,5",Pn Trigo Vinho,Padaria,Padaria,nubank-2022-10
2023-05-12,"9,5",Padaria Pao Divino,Padaria,Padaria,nubank-2023-06
2023-06-15,"9,29",Padaria Pao Divino,Padaria,Padaria,nubank-2023-07
2022-12-01,"9,26",Uber *Uber *Trip,Transporte,Transporte,nubank-2023-01
2023-02-24,"9,2",L4u*Padaria 3 Poderes,Padaria,Padaria,nubank-2023-03
2022-11-18,"9,1",Uber *Uber *Trip,Transporte,Transporte,nubank-2022-12
2022-05-30,9,Imperial Distribuidora,Bar/Bebidas,Bar/Bebidas,nubank-2022-06
2022-05-23,9,Mp *Emporiorefei,Restaurante,Ifood/Restaurante,nubank-2022-06
2022-06-07,9,Distribuidora Imperial,Bar/Bebidas,Bar/Bebidas,nubank-2022-07
2023-04-02,9,Padaria Pao Divino,Padaria,Padaria,nubank-2023-05
2023-05-24,9,Padaria Pao Divino,Padaria,Padaria,nubank-2023-06
2023-05-13,9,Rogel Ribeiro Maia,serviços,Cigarro,nubank-2023-06
2024-06-13,9,Mc Donalds,Restaurante,Ifood/Restaurante,nubank-2024-07
2023-05-23,"8,98",Uber *Uber *Trip,Transporte,Transporte,nubank-2023-06
2024-06-03,"8,98",Uber *Uber *Trip,Transporte,Transporte,nubank-2024-07
2023-06-23,"8,97",Supermercado Super Lun,Supermercado,Supermercado,nubank-2023-07
2022-12-30,"8,95",Geraldo Lopes de Sousa,serviços,Outros,nubank-2023-01
2023-05-30,"8,94",Uber *Uber *Trip,Transporte,Transporte,nubank-2023-06
2023-06-01,"8,94",Uber *Trip Help.Uber.C,Transporte,Transporte,nubank-2023-07
2023-05-30,"8,9",Uber *Uber *Trip,Transporte,Transporte,nubank-2023-06
2023-05-25,"8,9",Uber *Uber *Trip,Transporte,Transporte,nubank-2023-06
2022-12-07,"8,87",Uber *Uber *Trip,Transporte,Transporte,nubank-2023-01
2022-12-14,"8,8",Ponto do Riacho,Casa,Compras/Catira,nubank-2023-01
2023-02-06,"8,8",Pag*Mepayfinancial,Casa,Ifood/Restaurante,nubank-2023-03
2023-04-11,"8,8",Uber *Uber *Trip,Transporte,Transporte,nubank-2023-05
2022-10-09,"8,76",Uber *Uber *Trip,Transporte,Transporte,nubank-2022-11
2024-01-18,"8,75",Uber *Uber *Trip,Transporte,Transporte,nubank-2024-02
2023-08-05,"8,7",Uber *Uber *Trip,Transporte,Transporte,nubank-2023-09
2023-06-05,"8,69",Uber *Uber *Trip,Transporte,Transporte,nubank-2023-07
2022-10-03,"8,67",Uber *Uber *Trip,Transporte,Transporte,nubank-2022-11
2023-04-18,"8,66",Uber *Uber *Trip,Transporte,Transporte,nubank-2023-05
2022-12-10,"8,61",Uber *Uber *Trip,Transporte,Transporte,nubank-2023-01
2022-05-14,"8,5",Brunna Mendes Araujo,Cigarro,Cigarro,nubank-2022-06
2022-09-20,"8,5",Pag*Mepayfinancial,Casa,Ifood/Restaurante,nubank-2022-10
2022-11-01,"8,5",Pag*Mepayfinancial,Casa,Ifood/Restaurante,nubank-2022-12
2023-04-27,"8,5",Padaria Pao Divino,Padaria,Padaria,nubank-2023-05
2023-05-09,"8,5",Padaria Pao Divino,Padaria,Padaria,nubank-2023-06
2023-06-17,"8,5",Padaria Pao Divino,Padaria,Padaria,nubank-2023-07
2024-03-27,"8,5",Pag*Mepayfinancial,serviços,Ifood/Restaurante,nubank-2024-04
2024-03-21,"8,5",Pag*Mepayfinancial,serviços,Ifood/Restaurante,nubank-2024-04
2024-03-13,"8,5",Pag*Mepayfinancial,serviços,Ifood/Restaurante,nubank-2024-04
2022-12-06,"8,49",Uber *Uber *Trip,Transporte,Transporte,nubank-2023-01
2023-04-12,"8,3",Padaria Pao Divino,Padaria,Padaria,nubank-2023-05
2022-10-19,"8,24",Uber *Uber *Trip,Transporte,Transporte,nubank-2022-11
2023-07-20,"8,12",Padaria Pao Divino,Padaria,Padaria,nubank-2023-08
2023-03-31,"8,1",Padaria Pao Divino,Padaria,Padaria,nubank-2023-05
2022-12-01,"8,02",Uber *Uber *Trip,Transporte,Transporte,nubank-2023-01
2022-02-10,8,Alquimia Gastropub,Restaurante,Ifood/Restaurante,nubank-2022-03
2022-06-29,8,Mp *Regino,eletrônicos,Transporte,nubank-2022-07
2022-08-29,8,Ta Osso Beach,Restaurante,Ifood/Restaurante,nubank-2022-09
2024-02-11,"7,99",Padaria Pao Divino,Padaria,Padaria,nubank-2024-03
2022-12-16,"7,96",Uber *Uber *Trip,Transporte,Transporte,nubank-2023-01
2022-05-05,"7,8",Mp *Regino,eletrônicos,Transporte,nubank-2022-06
2024-03-12,"7,72",Uber *Uber *Trip,Transporte,Transporte,nubank-2024-04
2023-03-21,"7,7",L4u*Padaria 3 Poderes,Padaria,Padaria,nubank-2023-04
2023-02-07,"7,69",Drogarias Pacheco,Saúde,Saúde,nubank-2023-03
2022-12-08,"7,63",Uber *Uber *Trip,Transporte,Transporte,nubank-2023-01
2023-07-06,"7,62",Uber *Uber *Trip,Transporte,Transporte,nubank-2023-08
2023-08-02,"7,61",Uber *Uber *Trip,Transporte,Transporte,nubank-2023-09
2024-02-07,"7,61",HUMBERTO HEGO BORGES,Cobrar,Cobrar,nubank-2024-03
2022-09-27,"7,5",Pag*Mepayfinancial,Casa,Ifood/Restaurante,nubank-2022-10
2022-09-24,"7,5",Pag*Cantogourmet,Restaurante,Ifood/Restaurante,nubank-2022-10
2023-02-01,"7,5",L4u*Padaria 3 Poderes,Padaria,Padaria,nubank-2023-03
2023-06-14,"7,5",Uber *Uber *Trip,Transporte,Transporte,nubank-2023-07
2024-04-11,"7,5",Pag*Mepayfinancial,serviços,Ifood/Restaurante,nubank-2024-05
2024-04-10,"7,5",Pag*Mepayfinancial,serviços,Ifood/Restaurante,nubank-2024-05
2024-05-18,"7,49",Alegrow Conveniencias,Supermercado,Bar/Bebidas,nubank-2024-06
2022-07-15,"7,44",Uber *Uber *Trip,Transporte,Transporte,nubank-2022-08
2023-06-13,"7,37",Uber *Uber *Trip,Transporte,Transporte,nubank-2023-07
2023-06-08,"7,37",Uber *Uber *Trip,Transporte,Transporte,nubank-2023-07
2024-03-23,"7,35",Gege Hot Dog,Ifood/Restaurante,Ifood/Restaurante,nubank-2024-04
2023-07-15,"7,31",Uber *Uber *Trip,Transporte,Transporte,nubank-2023-08
2023-04-11,"7,27",Uber *Uber *Trip,Transporte,Transporte,nubank-2023-05
2023-07-22,"7,2",Uber *Uber *Trip,Transporte,Transporte,nubank-2023-08
2023-08-18,"7,2",Uber *Uber *Trip,Transporte,Transporte,nubank-2023-09
2022-12-20,"7,13",Uber *Uber *Trip,Transporte,Transporte,nubank-2023-01
2023-04-14,"7,13",Uber *Uber *Trip,Transporte,Transporte,nubank-2023-05
2023-08-12,"7,1",Uber *Uber *Trip,Transporte,Transporte,nubank-2023-09
2023-01-31,"7,07",Uber *Uber *Trip,Transporte,Transporte,nubank-2023-03
2023-02-25,"7,06",Uber *Uber *Trip,Transporte,Transporte,nubank-2023-03
2022-01-03,7,Coisas da Casa,Supermercado,Supermercado,nubank-2022-02
2023-03-05,7,Bola Na Rede,Lazer,Bar/Bebidas,nubank-2023-04
2023-04-20,7,Pag*Mepayfinancial,Casa,Ifood/Restaurante,nubank-2023-05
2024-03-18,7,Drogaria Araujo,Saúde,Saúde,nubank-2024-04
2023-07-22,"6,99",Uber *Uber *Trip,Transporte,Transporte,nubank-2023-08
2023-08-29,"6,96",Uber *Uber *Trip,Transporte,Transporte,nubank-2023-09
2023-08-11,"6,93",Uber *Uber *Trip,Transporte,Transporte,nubank-2023-09
2023-07-18,"6,92",Uber *Uber *Trip,Transporte,Transporte,nubank-2023-08
2022-12-29,"6,9",Be Happy,Lazer,Lazer,nubank-2023-01
2023-05-23,"6,82",Uber *Uber *Trip,Transporte,Transporte,nubank-2023-06
2023-08-09,"6,78",Uber *Uber *Trip,Transporte,Transporte,nubank-2023-09
2023-07-18,"6,7",Uber *Uber *Trip,Transporte,Transporte,nubank-2023-08
2023-06-13,"6,58",Uber *Uber *Trip,Transporte,Transporte,nubank-2023-07
2023-05-20,"6,5",Padaria Pao Divino,Padaria,Padaria,nubank-2023-06
2024-05-19,"6,5",Pag*Xuxubebidas,Bar/Bebidas,Bar/Bebidas,nubank-2024-06
2023-01-31,"6,47",Uber *Uber *Trip,Transporte,Transporte,nubank-2023-03
2023-07-27,"6,43",Uber *Uber *Trip,Transporte,Transporte,nubank-2023-08
2023-07-06,"6,43",Uber *Uber *Trip,Transporte,Transporte,nubank-2023-08
2023-08-02,"6,4",Uber *Uber *Trip,Transporte,Transporte,nubank-2023-09
2023-06-08,"6,38",Uber *Uber *Trip,Transporte,Transporte,nubank-2023-07
2023-07-29,"6,36",Uber *Uber *Trip,Transporte,Transporte,nubank-2023-08
2023-12-18,"6,34",Thales Moreira Luiz Jafar,Cobrar,Cigarro,nubank-2024-01
2023-07-29,"6,3",Uber *Uber *Trip,Transporte,Transporte,nubank-2023-08
2023-06-06,"6,29",Uber *Uber *Trip,Transporte,Transporte,nubank-2023-07
2023-08-03,"6,26",Uber *Uber *Trip,Transporte,Transporte,nubank-2023-09
2023-08-22,"6,25",Uber *Uber *Trip,Transporte,Transporte,nubank-2023-09
2023-02-07,"6,21",Gabriel Vidal dos Santos Pereira,Cobrar,Futebol,nubank-2023-03
2023-07-04,"6,14",Uber *Uber *Trip,Transporte,Transporte,nubank-2023-08
2023-07-26,"6,12",Uber *Uber *Trip,Transporte,Transporte,nubank-2023-08
2023-08-23,"6,07",Uber *Uber *Trip,Transporte,Transporte,nubank-2023-09
2023-03-26,6,Padaria Pao Divino,Padaria,Padaria,nubank-2023-04
2023-04-03,6,Drogaria Paraopeba,Saúde,Saúde,nubank-2023-05
2024-06-14,6,Claudinho Churros,Ifood/Restaurante,Ifood/Restaurante,nubank-2024-07
2024-05-25,"5,95",Ifd*Ifood,Ifood/Restaurante,Ifood/Restaurante,nubank-2024-06
2023-07-27,"5,91",Uber *Uber *Trip,Transporte,Transporte,nubank-2023-08
2024-01-03,"5,9",Tembici,Lazer,Lazer,nubank-2024-02
2024-04-17,"5,9",Reis Eletrica e Hidrau,Casa,Compras/Catira,nubank-2024-05
2023-05-09,"5,89",Ifood *Ifd*Umbigo do,Ifood/Restaurante,Ifood/Restaurante,nubank-2023-06
2023-06-04,"5,87",Uber *Trip Help.Uber.C,Transporte,Transporte,nubank-2023-07
2023-09-26,"5,86",Uber *Uber *Trip,Transporte,Transporte,nubank-2023-10
2023-06-17,"5,82",Uber *Uber *Trip,Transporte,Transporte,nubank-2023-07
2022-09-11,"5,74",Uber *Uber *Trip,Transporte,Transporte,nubank-2022-10
2023-08-25,"5,72",Uber *Uber *Trip,Transporte,Transporte,nubank-2023-09
2023-06-10,"5,69",Uber *Uber *Trip,Transporte,Transporte,nubank-2023-07
2024-03-02,"5,68",Uber *Uber *Trip,Transporte,Transporte,nubank-2024-04
2024-02-29,"5,64",Uber *Uber *Trip,Transporte,Transporte,nubank-2024-04
2023-06-10,"5,6",Uber *Uber *Trip,Transporte,Transporte,nubank-2023-07
2023-06-20,"5,56",Uber *Uber *Trip,Transporte,Transporte,nubank-2023-07
2024-01-24,"5,52",Uber *Uber *Trip,Transporte,Transporte,nubank-2024-02
2023-08-19,"5,51",Uber *Uber *Trip,Transporte,Transporte,nubank-2023-09
2023-12-28,"5,51",Juros de rotativo,Taxas/Imposto,Taxas/Imposto,nubank-2024-01
2023-03-29,"5,5",Pag*Mepayfinancial,Casa,Ifood/Restaurante,nubank-2023-04
2023-03-22,"5,5",Pag*Mepayfinancial,Casa,Ifood/Restaurante,nubank-2023-04
2023-04-27,"5,5",Pag*Mepayfinancial,Casa,Ifood/Restaurante,nubank-2023-05
2023-04-12,"5,5",Pag*Mepayfinancial,Casa,Ifood/Restaurante,nubank-2023-05
2023-08-11,"5,5",Padaria Pao Divino,Padaria,Padaria,nubank-2023-09
2023-08-17,"5,49",Uber *Uber *Trip,Transporte,Transporte,nubank-2023-09
2023-08-09,"5,46",Uber *Uber *Trip,Transporte,Transporte,nubank-2023-09
2023-07-26,"5,43",Uber *Uber *Trip,Transporte,Transporte,nubank-2023-08
2023-06-16,"5,42",Uber *Uber *Trip,Transporte,Transporte,nubank-2023-07
2023-08-22,"5,41",Uber *Uber *Trip,Transporte,Transporte,nubank-2023-09
2023-07-04,"5,38",Uber *Uber *Trip,Transporte,Transporte,nubank-2023-08
2023-06-07,"5,33",Uber *Uber *Trip,Transporte,Transporte,nubank-2023-07
2023-09-02,"5,32",Uber *Uber *Trip,Transporte,Transporte,nubank-2023-10
2024-04-26,"5,32",Uber *Uber *Trip,Transporte,Transporte,nubank-2024-05
2023-03-01,"5,25",Padaria Pao Divino,Padaria,Padaria,nubank-2023-04
2023-08-25,"5,2",Uber *Uber *Trip,Transporte,Transporte,nubank-2023-09
2023-08-18,"5,18",Uber *Uber *Trip,Transporte,Transporte,nubank-2023-09
2023-08-10,"5,18",Uber *Uber *Trip,Transporte,Transporte,nubank-2023-09
2024-06-13,"5,18",EMPRESA MUNIC DE DESENVOLVIMENTO URBANO RURAL DE BAURU,Estacionamento,Estacionamento,nubank-2024-07
2024-06-17,"5,15",EMPRESA MUNIC DE DESENVOLVIMENTO URBANO RURAL DE BAURU,Estacionamento,Estacionamento,nubank-2024-07
2023-06-27,"5,12",Uber *Uber *Trip,Transporte,Transporte,nubank-2023-07
2022-03-31,"5,11","IOF de ""Hugo Boss""",Outras Taxas,Taxas/Imposto,nubank-2022-05
2023-07-13,"5,07",Uber *Uber *Trip,Transporte,Transporte,nubank-2023-08
2024-01-24,"5,07",Uber *Uber *Trip,Transporte,Transporte,nubank-2024-02
2023-08-24,"5,02",Uber *Uber *Trip,Transporte,Transporte,nubank-2023-09
2022-06-25,5,Brunna Mendes Araujo,Cigarro,Cigarro,nubank-2022-07
2023-01-27,5,Pg *Ton Moreira Silv,Outros,Papelaria,nubank-2023-02
2023-02-04,5,Pag*Pauloborgeshubner,serviços,Bar/Bebidas,nubank-2023-03
2023-01-31,5,Be Happy,Lazer,Lazer,nubank-2023-03
2023-06-07,5,Pag*Mepayfinancial,Casa,Ifood/Restaurante,nubank-2023-07
2023-09-29,5,Uber *Uber *Trip,Transporte,Transporte,nubank-2023-10
2024-01-09,5,Big Mercearia e Comerc,Padaria,Cigarro,nubank-2024-02
2024-02-04,5,Big Mercearia e Comerc,Padaria,Cigarro,nubank-2024-03
2024-04-20,5,53949363 Alves Distri,Supermercado,Supermercado,nubank-2024-05
2024-06-03,5,Pag*Spotpasssolucoes,serviços,Bar/Bebidas,nubank-2024-07
2023-08-12,"4,94",Uber *Uber *Trip,Transporte,Transporte,nubank-2023-09
2024-01-18,"4,88",Uber *Uber *Trip,Transporte,Transporte,nubank-2024-02
2023-06-07,"4,84",Uber *Uber *Trip,Transporte,Transporte,nubank-2023-07
2024-01-20,"4,83",Uber *Uber *Trip,Transporte,Transporte,nubank-2024-02
2023-02-04,"4,8",Ponto do Riacho,Casa,Compras/Catira,nubank-2023-03
2022-04-04,"4,5",Uber *Trip Help.Uber.C,Transporte,Transporte,nubank-2022-05
2022-11-18,"4,5",Mc Donald S-Svb Loja,Restaurante,Ifood/Restaurante,nubank-2022-12
2023-01-15,"4,5",Padaria Pao Divino,Padaria,Padaria,nubank-2023-02
2023-03-20,"4,5",Mercadolivre*Moreiras,Restaurante,Ifood/Restaurante,nubank-2023-04
2023-09-16,"4,5",Mc Donalds Big,Restaurante,Ifood/Restaurante,nubank-2023-10
2023-09-10,"4,5",Mc Donalds Big,Restaurante,Ifood/Restaurante,nubank-2023-10
2023-08-10,"4,34",Uber *Uber *Trip,Transporte,Transporte,nubank-2023-09
2023-08-24,"4,12",Uber *Uber *Trip,Transporte,Transporte,nubank-2023-09
2022-04-22,4,Pg *Octavio Luiz Pimen,Restaurante,Ifood/Restaurante,nubank-2022-05
2023-05-29,4,Pag*Tabacaria,Cigarro,Cigarro,nubank-2023-06
2023-12-07,4,Pag*Janicecristina,Restaurante,Ifood/Restaurante,nubank-2024-01
2024-06-14,4,Autoparque do Brasil,Transporte,Estacionamento,nubank-2024-07
2024-01-09,"3,99",Ponto do Riacho,Casa,Compras/Catira,nubank-2024-02
2023-11-27,"3,94",Juros de rotativo,Taxas/Imposto,Taxas/Imposto,nubank-2023-12
2023-03-05,"3,8",Mc Donalds Ctg,Restaurante,Ifood/Restaurante,nubank-2023-04
2023-08-05,"3,65",Uber *Uber *Trip,Transporte,Transporte,nubank-2023-09
2023-08-03,"3,61",Uber *Uber *Trip,Transporte,Transporte,nubank-2023-09
2023-02-28,"3,6",Pag*Bombonsecia,Outros,Outros,nubank-2023-04
2022-09-30,"3,5",Drive Bh Catalao,Restaurante,Ifood/Restaurante,nubank-2022-11
2023-03-08,"3,5",Drive Bh Catalao,Restaurante,Ifood/Restaurante,nubank-2023-04
2023-04-13,"3,5",Pag*Mepayfinancial,Casa,Ifood/Restaurante,nubank-2023-05
2023-04-06,"3,5",Pag*Mepayfinancial,Casa,Ifood/Restaurante,nubank-2023-05
2024-02-04,"3,11",Posto Cruzeiro do Sul,Combustível,Combustível,nubank-2024-03
2022-12-29,3,Be Happy,Lazer,Lazer,nubank-2023-01
2023-04-19,"2,5",Padaria Pao Divino,Padaria,Padaria,nubank-2023-05
2023-02-06,2,Studio Gabriella Brugn,serviços,Outros,nubank-2023-03
2023-03-06,2,Padaria Pao Divino,Padaria,Padaria,nubank-2023-04
2022-12-01,"1,75",Doce Docinho,Supermercado,Supermercado,nubank-2023-01
2023-05-16,"1,75",Doce Docinho,Supermercado,Supermercado,nubank-2023-06
2023-05-12,"1,56",ROGEL RIBEIRO MAIA,Cobrar,Cigarro,nubank-2023-06
2023-04-21,"1,5",Padaria Pao Divino,Padaria,Padaria,nubank-2023-05
2022-03-31,"1,28","IOF de ""Tienda Y Distribuidora""",Bar/Bebidas,Bar/Bebidas,nubank-2022-05
2023-05-16,"1,03",Hotmart,Assinaturas,Assinaturas,nubank-2023-06
2023-08-26,1,Posto Olimar Comercio,Combustível,Combustível,nubank-2023-09
2023-12-28,"0,22",IOF de rotativo,Outras Taxas,Taxas/Imposto,nubank-2024-01
2023-11-27,"0,15",IOF de rotativo,Outras Taxas,Taxas/Imposto,nubank-2023-12
2024-01-02,"-0,95",Estorno de juros de rotativo,Taxas/Imposto,Taxas/Imposto,nubank-2024-02
2022-03-14,"-1,32",Desconto Antecipação Jus*Auto Escola Lider,Carro,Carro,nubank-2022-04
2023-11-07,"-24,35",Crédito de rotativo,Outras Taxas,Taxas/Imposto,nubank-2023-12
2023-12-07,"-34,02",Crédito de rotativo,Outras Taxas,Taxas/Imposto,nubank-2024-01
2024-06-30,"177,8",Km Auto Center Bauru - Parcela 2/10,Carro,,nubank-2024-08
2024-06-30,"-19,9","Estorno de ""Amazonprimebr""",Reembolso,,nubank-2024-08
2024-06-30,"19,9",Amazonprimebr,Assinaturas,,nubank-2024-08
